Benchmark,Over-approx.,,Complete,,
,Result,Time,Result,Time
Benchmark,Over-approx.,,Complete,,
,Result,Time,Result,Time
[sac_kin_discrete2d_complex_wo_tanh_436reward - obs_act_y_equals_0.12_start_0.1_0.1125_epsilon_0.01.vnnlib],False,3.142673166999998,False,4.078138515999967
[sac_kin_discrete2d_complex_wo_tanh_436reward - obs_act_y_equals_0.12_start_0.1_1.0_epsilon_0.01.vnnlib],True,3.549583310999992,True,4.016012729999943
[sac_kin_discrete2d_complex_wo_tanh_436reward - obs_act_y_equals_0.12_start_0.1_1.8_epsilon_0.01.vnnlib],False,3.7692608799999334,False,3.742267935999962
[sac_kin_discrete2d_complex_wo_tanh_436reward - obs_act_y_equals_0.14_start_0.1_1.0_epsilon_0.01.vnnlib],True,4.767950613999915,True,4.978931199000044
[sac_kin_discrete2d_complex_wo_tanh_436reward - obs_act_y_equals_0.14_start_0.1_1.8_epsilon_0.01.vnnlib],False,3.606421965999971,False,3.542197953999903
[sac_kin_discrete2d_complex_wo_tanh_436reward - obs_act_y_equals_0.15_start_0.1_0.1125_epsilon_0.01.vnnlib],False,3.3433666740000945,False,4.5776390329999685
[sac_kin_discrete2d_complex_wo_tanh_436reward - obs_act_y_equals_0.16_start_0.1_0.1125_epsilon_0.01.vnnlib],False,3.6171348139999964,False,4.020777113000008
[sac_kin_discrete2d_complex_wo_tanh_436reward - obs_act_y_equals_0.16_start_0.1_1.8_epsilon_0.01.vnnlib],False,4.535146853000015,False,4.198798841999974
[sac_kin_discrete2d_complex_wo_tanh_436reward - obs_act_y_equals_0.17_start_0.1_1.0_epsilon_0.01.vnnlib],False,3.67574038500004,False,4.435510815000043
[sac_kin_discrete2d_complex_wo_tanh_436reward - obs_act_y_equals_0.19_start_0.1_1.0_epsilon_0.01.vnnlib],False,9.926934266999979,False,6.468180206000056
[sac_kin_discrete2d_complex_wo_tanh_436reward - obs_act_y_equals_0.19_start_0.1_1.8_epsilon_0.01.vnnlib],False,3.1447146099999372,False,3.8828747320000048
[sac_kin_discrete2d_complex_wo_tanh_436reward - obs_act_y_equals_0.20_start_0.1_0.1125_epsilon_0.01.vnnlib],False,4.112098310999954,False,3.757862510999985
[sac_kin_discrete2d_complex_wo_tanh_436reward - obs_act_y_equals_0.21_start_0.1_1.0_epsilon_0.01.vnnlib],False,4.669323752999958,False,5.164999400999932
[sac_kin_discrete2d_complex_wo_tanh_436reward - obs_act_y_equals_0.21_start_0.1_1.8_epsilon_0.01.vnnlib],False,3.855447490000074,False,5.067129758999954
[sac_kin_discrete2d_complex_wo_tanh_436reward - obs_act_y_equals_0.22_start_0.1_0.1125_epsilon_0.01.vnnlib],False,4.597395623000011,False,9.893574039999976
[sac_kin_discrete2d_complex_wo_tanh_436reward - obs_act_y_equals_0.22_start_0.1_1.8_epsilon_0.01.vnnlib],True,4.448015370999997,True,4.189756179000028
[sac_kin_discrete2d_complex_wo_tanh_436reward - obs_act_y_equals_0.24_start_0.1_0.1125_epsilon_0.01.vnnlib],False,4.143698136000012,False,5.909757530999968
[sac_kin_discrete2d_complex_wo_tanh_436reward - obs_act_y_equals_0.24_start_0.1_1.0_epsilon_0.01.vnnlib],False,3.235884906000024,False,4.1421770849999575
[sac_kin_discrete2d_complex_wo_tanh_436reward - obs_act_y_equals_0.24_start_0.1_1.8_epsilon_0.01.vnnlib],False,3.393828051000014,False,4.5571791930000245
[sac_kin_discrete2d_complex_wo_tanh_436reward - obs_act_y_equals_0.26_start_0.1_1.0_epsilon_0.01.vnnlib],False,4.385150463999935,False,3.8347794720000365
[sac_kin_discrete2d_complex_wo_tanh_436reward - obs_act_y_equals_0.27_start_0.1_0.1125_epsilon_0.01.vnnlib],False,4.491506573000038,False,4.22982269900001
[sac_kin_discrete2d_complex_wo_tanh_436reward - obs_act_y_equals_0.27_start_0.1_1.8_epsilon_0.01.vnnlib],False,4.280529465999962,False,3.419865628000025
[sac_kin_discrete2d_complex_wo_tanh_436reward - obs_act_y_equals_0.28_start_0.1_1.0_epsilon_0.01.vnnlib],False,3.6396583089999694,False,4.199674823999999
[sac_kin_discrete2d_complex_wo_tanh_436reward - obs_act_y_equals_0.29_start_0.1_1.8_epsilon_0.01.vnnlib],False,3.5316258800000924,False,6.032325951999951
[sac_kin_discrete2d_complex_wo_tanh_436reward - obs_act_y_equals_0.30_start_0.1_0.1125_epsilon_0.01.vnnlib],False,3.539677056000073,False,4.026693152000007
[sac_kin_discrete2d_complex_wo_tanh_436reward - obs_act_y_equals_0.31_start_0.1_1.0_epsilon_0.01.vnnlib],False,4.260154575000001,False,4.252572123999926
[sac_kin_discrete2d_complex_wo_tanh_436reward - obs_act_y_equals_0.31_start_0.1_1.8_epsilon_0.01.vnnlib],False,3.4453497230000494,False,4.291354738999985
[sac_kin_discrete2d_complex_wo_tanh_436reward - obs_act_y_equals_0.33_start_0.1_0.1125_epsilon_0.01.vnnlib],False,3.930711583000061,False,3.938904219000051
[sac_kin_discrete2d_complex_wo_tanh_436reward - obs_act_y_equals_0.34_start_0.1_1.0_epsilon_0.01.vnnlib],False,4.4317539730000135,False,4.4232137160000775
[sac_kin_discrete2d_complex_wo_tanh_436reward - obs_act_y_equals_0.34_start_0.1_1.8_epsilon_0.01.vnnlib],False,9.637680209999985,False,4.148193974000037
[sac_kin_discrete2d_complex_wo_tanh_436reward - obs_act_y_equals_0.36_start_0.1_0.1125_epsilon_0.01.vnnlib],False,4.118328109000004,False,4.525788665999926
[sac_kin_discrete2d_complex_wo_tanh_436reward - obs_act_y_equals_0.37_start_0.1_1.0_epsilon_0.01.vnnlib],False,3.4821054620000496,False,3.969376291000003
[sac_kin_discrete2d_complex_wo_tanh_436reward - obs_act_y_equals_0.37_start_0.1_1.8_epsilon_0.01.vnnlib],False,3.422883483000078,False,4.297187839000003
[sac_kin_discrete2d_complex_wo_tanh_436reward - obs_act_y_equals_0.39_start_0.1_0.1125_epsilon_0.01.vnnlib],False,4.00252960499995,False,4.549343535000048
[sac_kin_discrete2d_complex_wo_tanh_436reward - obs_act_y_equals_0.39_start_0.1_1.8_epsilon_0.01.vnnlib],False,4.007989533,False,4.867682362999972
[sac_kin_discrete2d_complex_wo_tanh_436reward - obs_act_y_equals_0.40_start_0.1_1.0_epsilon_0.01.vnnlib],False,4.326048097000012,False,3.594707131000064
[sac_kin_discrete2d_complex_wo_tanh_436reward - obs_act_y_equals_0.42_start_0.1_1.8_epsilon_0.01.vnnlib],False,3.976291948000039,False,4.421633810999992
[sac_kin_discrete2d_complex_wo_tanh_436reward - obs_act_y_equals_0.43_start_0.1_0.1125_epsilon_0.01.vnnlib],False,3.8729183330000296,False,4.164066670000011
[sac_kin_discrete2d_complex_wo_tanh_436reward - obs_act_y_equals_0.43_start_0.1_1.0_epsilon_0.01.vnnlib],False,4.4284000280000555,False,4.069332648999989
[sac_kin_discrete2d_complex_wo_tanh_436reward - obs_act_y_equals_0.45_start_0.1_1.8_epsilon_0.01.vnnlib],True,3.781878581000001,True,5.199263328000029
[sac_kin_discrete2d_complex_wo_tanh_436reward - obs_act_y_equals_0.46_start_0.1_0.1125_epsilon_0.01.vnnlib],False,4.006233124999994,False,4.837213002999988
[sac_kin_discrete2d_complex_wo_tanh_436reward - obs_act_y_equals_0.46_start_0.1_1.0_epsilon_0.01.vnnlib],False,5.36583920999999,False,4.356379228000037
[sac_kin_discrete2d_complex_wo_tanh_436reward - obs_act_y_equals_0.48_start_0.1_1.8_epsilon_0.01.vnnlib],False,3.594464648999974,False,4.405656647000001
[sac_kin_discrete2d_complex_wo_tanh_436reward - obs_act_y_equals_0.49_start_0.1_1.0_epsilon_0.01.vnnlib],False,3.8734799019999855,False,5.744200341999999
[sac_kin_discrete2d_complex_wo_tanh_436reward - obs_act_y_equals_0.50_start_0.1_0.1125_epsilon_0.01.vnnlib],False,4.033948119999991,False,3.890473044000032
[sac_kin_discrete2d_complex_wo_tanh_436reward - obs_act_y_equals_0.51_start_0.1_1.8_epsilon_0.01.vnnlib],False,4.630338421000033,False,4.827117568999938
[sac_kin_discrete2d_complex_wo_tanh_436reward - obs_act_y_equals_0.52_start_0.1_1.0_epsilon_0.01.vnnlib],False,4.616245450000065,False,5.656406320000087
[sac_kin_discrete2d_complex_wo_tanh_436reward - obs_act_y_equals_0.53_start_0.1_0.1125_epsilon_0.01.vnnlib],False,3.888435117999961,False,4.961422352
[sac_kin_discrete2d_complex_wo_tanh_436reward - obs_act_y_equals_0.54_start_0.1_1.8_epsilon_0.01.vnnlib],False,4.988921699999992,False,4.949180621999972
[sac_kin_discrete2d_complex_wo_tanh_436reward - obs_act_y_equals_0.55_start_0.1_1.0_epsilon_0.01.vnnlib],False,4.2606724860000895,False,4.448958345999927
[sac_kin_discrete2d_complex_wo_tanh_436reward - obs_act_y_equals_0.57_start_0.1_0.1125_epsilon_0.01.vnnlib],False,3.312355595999975,False,4.154979475000005
[sac_kin_discrete2d_complex_wo_tanh_436reward - obs_act_y_equals_0.57_start_0.1_1.8_epsilon_0.01.vnnlib],False,4.01998328500008,False,3.536580717999982
[sac_kin_discrete2d_complex_wo_tanh_436reward - obs_act_y_equals_0.58_start_0.1_1.0_epsilon_0.01.vnnlib],False,4.088496716000009,False,3.575166615999933
[sac_kin_discrete2d_complex_wo_tanh_436reward - obs_act_y_equals_0.60_start_0.1_0.1125_epsilon_0.01.vnnlib],False,4.47976782700016,False,3.983690180000167
[sac_kin_discrete2d_complex_wo_tanh_436reward - obs_act_y_equals_0.60_start_0.1_1.8_epsilon_0.01.vnnlib],False,4.028573998999946,False,4.133144898999944
[sac_kin_discrete2d_complex_wo_tanh_436reward - obs_act_y_equals_0.62_start_0.1_1.0_epsilon_0.01.vnnlib],False,3.215068620000011,False,3.981998246999865
[sac_kin_discrete2d_complex_wo_tanh_436reward - obs_act_y_equals_0.63_start_0.1_0.1125_epsilon_0.01.vnnlib],False,3.9044152959997973,False,4.142540579999832
[sac_kin_discrete2d_complex_wo_tanh_436reward - obs_act_y_equals_0.63_start_0.1_1.8_epsilon_0.01.vnnlib],False,3.4786480779998783,False,4.1368780459999925
[sac_kin_discrete2d_complex_wo_tanh_436reward - obs_act_y_equals_0.65_start_0.1_1.0_epsilon_0.01.vnnlib],False,4.137138422999897,False,4.4022694789998695
[sac_kin_discrete2d_complex_wo_tanh_436reward - obs_act_y_equals_0.65_start_0.1_1.8_epsilon_0.01.vnnlib],False,3.3853773949999777,False,3.3604790869999306
[sac_kin_discrete2d_complex_wo_tanh_436reward - obs_act_y_equals_0.66_start_0.1_0.1125_epsilon_0.01.vnnlib],False,4.582761734000087,False,4.201213973999984
[sac_kin_discrete2d_complex_wo_tanh_436reward - obs_act_y_equals_0.68_start_0.1_1.0_epsilon_0.01.vnnlib],False,4.01044382200007,False,3.540150371999971
[sac_kin_discrete2d_complex_wo_tanh_436reward - obs_act_y_equals_0.68_start_0.1_1.8_epsilon_0.01.vnnlib],False,3.5506698290000713,False,3.703459997999971
[sac_kin_discrete2d_complex_wo_tanh_436reward - obs_act_y_equals_0.70_start_0.1_0.1125_epsilon_0.01.vnnlib],False,3.7529529280000133,False,4.422498154000095
[sac_kin_discrete2d_complex_wo_tanh_436reward - obs_act_y_equals_0.71_start_0.1_1.0_epsilon_0.01.vnnlib],False,3.9742828500000087,False,4.445227573000011
[sac_kin_discrete2d_complex_wo_tanh_436reward - obs_act_y_equals_0.71_start_0.1_1.8_epsilon_0.01.vnnlib],False,3.851730955999983,False,3.7252115129999765
[sac_kin_discrete2d_complex_wo_tanh_436reward - obs_act_y_equals_0.72_start_0.1_0.1125_epsilon_0.01.vnnlib],False,4.030466820000129,False,3.6441882890001125
[sac_kin_discrete2d_complex_wo_tanh_436reward - obs_act_y_equals_0.73_start_0.1_1.8_epsilon_0.01.vnnlib],False,3.823924901000055,False,3.4681542600001194
[sac_kin_discrete2d_complex_wo_tanh_436reward - obs_act_y_equals_0.74_start_0.1_1.0_epsilon_0.01.vnnlib],False,4.3111725629999,False,4.25815463999993
[sac_kin_discrete2d_complex_wo_tanh_436reward - obs_act_y_equals_0.75_start_0.1_0.1125_epsilon_0.01.vnnlib],False,4.255695349000007,False,4.304096981999919
[sac_kin_discrete2d_complex_wo_tanh_436reward - obs_act_y_equals_0.75_start_0.1_1.8_epsilon_0.01.vnnlib],False,4.163542135999933,False,3.9127505199999177
[sac_kin_discrete2d_complex_wo_tanh_436reward - obs_act_y_equals_0.77_start_0.1_1.0_epsilon_0.01.vnnlib],False,3.908340444000032,False,3.991894451999997
[sac_kin_discrete2d_complex_wo_tanh_436reward - obs_act_y_equals_0.77_start_0.1_1.8_epsilon_0.01.vnnlib],False,3.6320592580000266,False,4.222850382999923
[sac_kin_discrete2d_complex_wo_tanh_436reward - obs_act_y_equals_0.78_start_0.1_0.1125_epsilon_0.01.vnnlib],False,3.7852176170001712,False,4.030747195000004
[sac_kin_discrete2d_complex_wo_tanh_436reward - obs_act_y_equals_0.79_start_0.1_1.0_epsilon_0.01.vnnlib],False,4.096615721000035,False,4.6213606119999895
[sac_kin_discrete2d_complex_wo_tanh_436reward - obs_act_y_equals_0.80_start_0.1_0.1125_epsilon_0.01.vnnlib],False,4.265800639999952,False,4.100816025000086
[sac_kin_discrete2d_complex_wo_tanh_436reward - obs_act_y_equals_0.80_start_0.1_1.8_epsilon_0.01.vnnlib],False,3.847866586000009,False,4.039037763999886
[sac_kin_discrete2d_complex_wo_tanh_436reward - obs_act_y_equals_0.82_start_0.1_1.0_epsilon_0.01.vnnlib],False,3.6900421289999485,False,4.71206944100004
[sac_kin_discrete2d_complex_wo_tanh_436reward - obs_act_y_equals_0.82_start_0.1_1.8_epsilon_0.01.vnnlib],False,4.015274482999985,False,3.79575118799994
[sac_kin_discrete2d_complex_wo_tanh_436reward - obs_act_y_equals_0.83_start_0.1_0.1125_epsilon_0.01.vnnlib],False,3.448833743000023,False,3.952439255000172
[sac_kin_discrete2d_complex_wo_tanh_436reward - obs_act_y_equals_0.83_start_0.1_1.8_epsilon_0.01.vnnlib],False,3.7278864949998933,False,4.43957052199994
[sac_kin_discrete2d_complex_wo_tanh_436reward - obs_act_y_equals_0.85_start_0.1_0.1125_epsilon_0.01.vnnlib],False,3.843348743000206,False,4.277043727999853
[sac_kin_discrete2d_complex_wo_tanh_436reward - obs_act_y_equals_0.85_start_0.1_1.0_epsilon_0.01.vnnlib],False,4.119200226999965,False,4.4792811750000965
[sac_kin_discrete2d_complex_wo_tanh_436reward - obs_act_y_equals_0.85_start_0.1_1.8_epsilon_0.01.vnnlib],False,3.699084849999963,False,3.692077071000085
[sac_kin_discrete2d_complex_wo_tanh_436reward - obs_act_y_equals_0.87_start_0.1_0.1125_epsilon_0.01.vnnlib],False,3.7150235809999685,False,4.485343282000031
[sac_kin_discrete2d_complex_wo_tanh_436reward - obs_act_y_equals_0.87_start_0.1_1.0_epsilon_0.01.vnnlib],False,3.616024278000168,False,4.934773251000024
[sac_kin_discrete2d_complex_wo_tanh_436reward - obs_act_y_equals_0.87_start_0.1_1.8_epsilon_0.01.vnnlib],False,4.470230937999986,False,5.047447201000068
[sac_kin_discrete2d_complex_wo_tanh_436reward - obs_act_y_equals_0.88_start_0.1_1.8_epsilon_0.01.vnnlib],False,4.513793332999967,False,4.202340806999928
[sac_kin_discrete2d_complex_wo_tanh_436reward - obs_act_y_equals_0.89_start_0.1_0.1125_epsilon_0.01.vnnlib],False,4.228212574000054,False,3.7142085350001253
[sac_kin_discrete2d_complex_wo_tanh_436reward - obs_act_y_equals_0.89_start_0.1_1.0_epsilon_0.01.vnnlib],False,3.7756139959999473,False,4.136943008999879
[sac_kin_discrete2d_complex_wo_tanh_436reward - obs_act_y_equals_0.89_start_0.1_1.8_epsilon_0.01.vnnlib],False,4.407885893999946,False,4.131690113000104
[sac_kin_discrete2d_complex_wo_tanh_436reward - obs_act_y_equals_0.90_start_1.8_0.2_epsilon_0.01.vnnlib],False,3.3581122549999236,False,4.319486005000044
[sac_kin_discrete2d_complex_wo_tanh_436reward - obs_act_y_equals_0.91_start_0.1_0.1125_epsilon_0.01.vnnlib],False,4.29499083099995,False,3.8357984879999094
[sac_kin_discrete2d_complex_wo_tanh_436reward - obs_act_y_equals_0.91_start_0.1_1.0_epsilon_0.01.vnnlib],False,3.6144510470001023,False,5.495186181000008
[sac_kin_discrete2d_complex_wo_tanh_436reward - obs_act_y_equals_0.91_start_0.1_1.8_epsilon_0.01.vnnlib],False,3.854223886999989,False,4.476175354999896
[sac_kin_discrete2d_complex_wo_tanh_436reward - obs_act_y_equals_0.91_start_1.8_1.0_epsilon_0.01.vnnlib],False,3.7804038930000843,False,4.104660909999893
[sac_kin_discrete2d_complex_wo_tanh_436reward - obs_act_y_equals_0.92_start_0.1_0.1125_epsilon_0.01.vnnlib],False,3.936525735000032,False,4.556448851999903
[sac_kin_discrete2d_complex_wo_tanh_436reward - obs_act_y_equals_0.92_start_0.1_1.8_epsilon_0.01.vnnlib],False,3.4976050380000743,False,4.703782064000052
[sac_kin_discrete2d_complex_wo_tanh_436reward - obs_act_y_equals_0.92_start_1.8_0.2_epsilon_0.01.vnnlib],False,3.6541681660000904,False,5.204296251999949
[sac_kin_discrete2d_complex_wo_tanh_436reward - obs_act_y_equals_0.92_start_1.8_1.0_epsilon_0.01.vnnlib],False,10.165806195999949,False,4.91658781000001
[sac_kin_discrete2d_complex_wo_tanh_436reward - obs_act_y_equals_0.93_start_0.1_1.0_epsilon_0.01.vnnlib],False,4.370722689000104,False,5.21381088499993
[sac_kin_discrete2d_complex_wo_tanh_436reward - obs_act_y_equals_0.93_start_0.1_1.8_epsilon_0.01.vnnlib],False,3.5256936719999885,False,4.21959863699999
[sac_kin_discrete2d_complex_wo_tanh_436reward - obs_act_y_equals_0.93_start_1.8_0.2_epsilon_0.01.vnnlib],False,4.557884488000127,False,4.341460172000097
[sac_kin_discrete2d_complex_wo_tanh_436reward - obs_act_y_equals_0.93_start_1.8_1.0_epsilon_0.01.vnnlib],False,4.039294070000096,False,4.607142239000041
[sac_kin_discrete2d_complex_wo_tanh_436reward - obs_act_y_equals_0.94_start_0.1_0.1125_epsilon_0.01.vnnlib],False,4.39229807699985,False,4.405901337000159
[sac_kin_discrete2d_complex_wo_tanh_436reward - obs_act_y_equals_0.94_start_0.1_1.8_epsilon_0.01.vnnlib],False,4.2250215240001125,False,4.629170050000084
[sac_kin_discrete2d_complex_wo_tanh_436reward - obs_act_y_equals_0.94_start_1.8_0.2_epsilon_0.01.vnnlib],False,4.004835251000031,False,5.32593729600012
[sac_kin_discrete2d_complex_wo_tanh_436reward - obs_act_y_equals_0.94_start_1.8_1.0_epsilon_0.01.vnnlib],False,3.932543187999954,False,4.521854042000086
[sac_kin_discrete2d_complex_wo_tanh_436reward - obs_act_y_equals_0.95_start_0.1_0.1125_epsilon_0.01.vnnlib],False,4.305533296000021,False,4.063911515999962
[sac_kin_discrete2d_complex_wo_tanh_436reward - obs_act_y_equals_0.95_start_0.1_1.0_epsilon_0.01.vnnlib],False,4.654300124999963,False,4.82627163799998
[sac_kin_discrete2d_complex_wo_tanh_436reward - obs_act_y_equals_0.95_start_0.1_1.8_epsilon_0.01.vnnlib],False,3.3409256410000125,False,4.244040328999972
[sac_kin_discrete2d_complex_wo_tanh_436reward - obs_act_y_equals_0.95_start_1.8_0.2_epsilon_0.01.vnnlib],False,3.7585613140001897,False,4.690210772
[sac_kin_discrete2d_complex_wo_tanh_436reward - obs_act_y_equals_0.95_start_1.8_1.0_epsilon_0.01.vnnlib],False,3.452862175000064,False,6.480461132999835
[sac_kin_discrete2d_complex_wo_tanh_436reward - obs_act_y_equals_0.96_start_0.1_0.1125_epsilon_0.01.vnnlib],False,3.4724355599998944,False,4.324634756000023
[sac_kin_discrete2d_complex_wo_tanh_436reward - obs_act_y_equals_0.96_start_0.1_1.8_epsilon_0.01.vnnlib],False,3.434972216999995,False,4.175970289999896
[sac_kin_discrete2d_complex_wo_tanh_436reward - obs_act_y_equals_0.96_start_1.8_0.2_epsilon_0.01.vnnlib],False,4.12478162299999,False,4.423888299000055
[sac_kin_discrete2d_complex_wo_tanh_436reward - obs_act_y_equals_0.96_start_1.8_1.0_epsilon_0.01.vnnlib],False,9.957161671999984,False,4.102130232000036
[sac_kin_discrete2d_complex_wo_tanh_436reward - obs_act_y_equals_0.97_start_0.1_1.0_epsilon_0.01.vnnlib],False,4.096146758000032,False,5.139460049000036
[sac_kin_discrete2d_complex_wo_tanh_436reward - obs_act_y_equals_0.97_start_0.1_1.8_epsilon_0.01.vnnlib],False,4.741003353999986,False,5.329463927000006
[sac_kin_discrete2d_complex_wo_tanh_436reward - obs_act_y_equals_0.97_start_1.8_0.2_epsilon_0.01.vnnlib],False,4.641257085999996,False,5.419882328000085
[sac_kin_discrete2d_complex_wo_tanh_436reward - obs_act_y_equals_0.97_start_1.8_1.0_epsilon_0.01.vnnlib],False,4.911535017999995,False,5.755319081000152
[sac_kin_discrete2d_complex_wo_tanh_436reward - obs_act_y_equals_0.98_start_0.1_0.1125_epsilon_0.01.vnnlib],False,4.606113806999929,False,4.302789153000049
[sac_kin_discrete2d_complex_wo_tanh_436reward - obs_act_y_equals_0.98_start_0.1_1.8_epsilon_0.01.vnnlib],False,4.2818667859999096,False,4.612476122999851
[sac_kin_discrete2d_complex_wo_tanh_436reward - obs_act_y_equals_0.99_start_0.1_0.1125_epsilon_0.01.vnnlib],False,3.565693103000058,False,3.828233057000034
[sac_kin_discrete2d_complex_wo_tanh_436reward - obs_act_y_equals_0.99_start_0.1_1.0_epsilon_0.01.vnnlib],False,3.9024293920001583,False,5.03519326799983
[sac_kin_discrete2d_complex_wo_tanh_436reward - obs_act_y_equals_0.99_start_1.8_0.2_epsilon_0.01.vnnlib],False,4.409372315999917,False,4.740141689999973
[sac_kin_discrete2d_complex_wo_tanh_436reward - obs_act_y_equals_0.99_start_1.8_1.0_epsilon_0.01.vnnlib],False,4.9138222320000295,False,5.793952061000027
[sac_kin_discrete2d_complex_wo_tanh_436reward - obs_act_y_equals_1.00_start_0.1_0.1125_epsilon_0.01.vnnlib],False,4.5526540629998635,False,4.642698882000104
[sac_kin_discrete2d_complex_wo_tanh_436reward - obs_act_y_equals_1.00_start_0.1_1.0_epsilon_0.01.vnnlib],False,4.089100197000107,False,5.004833467000026
[sac_kin_discrete2d_complex_wo_tanh_436reward - obs_act_y_equals_1.00_start_0.1_1.8_epsilon_0.01.vnnlib],False,4.657113283999934,False,4.343599878999839
[sac_kin_discrete2d_complex_wo_tanh_436reward - obs_act_y_equals_1.00_start_1.8_0.2_epsilon_0.01.vnnlib],False,3.9245283300001574,False,5.907857436999848
[sac_kin_discrete2d_complex_wo_tanh_436reward - obs_act_y_equals_1.00_start_1.8_1.0_epsilon_0.01.vnnlib],False,4.140111871000045,False,3.9068345470000168
[sac_kin_discrete2d_complex_wo_tanh_436reward - obs_act_y_equals_1.01_start_0.1_0.1125_epsilon_0.01.vnnlib],False,3.807312602000138,False,4.762917651999942
[sac_kin_discrete2d_complex_wo_tanh_436reward - obs_act_y_equals_1.01_start_0.1_1.0_epsilon_0.01.vnnlib],False,4.131708608000054,False,5.009493533000068
[sac_kin_discrete2d_complex_wo_tanh_436reward - obs_act_y_equals_1.02_start_0.1_0.1125_epsilon_0.01.vnnlib],False,4.018828157000144,False,4.66852814799995
[sac_kin_discrete2d_complex_wo_tanh_436reward - obs_act_y_equals_1.02_start_0.1_1.0_epsilon_0.01.vnnlib],False,4.13622274699992,False,4.638705464000168
[sac_kin_discrete2d_complex_wo_tanh_436reward - obs_act_y_equals_1.02_start_0.1_1.8_epsilon_0.01.vnnlib],False,3.995040237000012,False,4.691426000999854
[sac_kin_discrete2d_complex_wo_tanh_436reward - obs_act_y_equals_1.02_start_1.8_0.2_epsilon_0.01.vnnlib],False,4.247989125000004,False,4.174240353999949
[sac_kin_discrete2d_complex_wo_tanh_436reward - obs_act_y_equals_1.02_start_1.8_1.0_epsilon_0.01.vnnlib],False,4.3839470699999765,False,4.7781195999998545
[sac_kin_discrete2d_complex_wo_tanh_436reward - obs_act_y_equals_1.03_start_0.1_0.1125_epsilon_0.01.vnnlib],False,3.9944789860001038,False,3.9055325110000467
[sac_kin_discrete2d_complex_wo_tanh_436reward - obs_act_y_equals_1.03_start_0.1_1.0_epsilon_0.01.vnnlib],False,3.9891670680001425,False,3.87766876600017
[sac_kin_discrete2d_complex_wo_tanh_436reward - obs_act_y_equals_1.03_start_1.8_0.2_epsilon_0.01.vnnlib],False,3.624188512999808,False,4.159743315000014
[sac_kin_discrete2d_complex_wo_tanh_436reward - obs_act_y_equals_1.04_start_0.1_0.1125_epsilon_0.01.vnnlib],False,4.858860448000087,False,5.655944914999964
[sac_kin_discrete2d_complex_wo_tanh_436reward - obs_act_y_equals_1.04_start_0.1_1.0_epsilon_0.01.vnnlib],False,3.7932485609999276,False,4.096553391000043
[sac_kin_discrete2d_complex_wo_tanh_436reward - obs_act_y_equals_1.04_start_1.8_1.0_epsilon_0.01.vnnlib],False,4.650440906000085,False,4.640026454999997
[sac_kin_discrete2d_complex_wo_tanh_436reward - obs_act_y_equals_1.05_start_0.1_0.1125_epsilon_0.01.vnnlib],False,4.259943554999836,False,4.566916268999876
[sac_kin_discrete2d_complex_wo_tanh_436reward - obs_act_y_equals_1.05_start_0.1_1.0_epsilon_0.01.vnnlib],False,4.156842953000023,False,4.161939376999953
[sac_kin_discrete2d_complex_wo_tanh_436reward - obs_act_y_equals_1.05_start_1.8_0.2_epsilon_0.01.vnnlib],False,4.015144731000191,False,4.282772321000039
[sac_kin_discrete2d_complex_wo_tanh_436reward - obs_act_y_equals_1.06_start_0.1_0.1125_epsilon_0.01.vnnlib],False,4.531914196999878,False,4.598540284999899
[sac_kin_discrete2d_complex_wo_tanh_436reward - obs_act_y_equals_1.06_start_0.1_1.0_epsilon_0.01.vnnlib],False,6.381030229999851,False,4.109950961999857
[sac_kin_discrete2d_complex_wo_tanh_436reward - obs_act_y_equals_1.06_start_1.8_1.0_epsilon_0.01.vnnlib],False,3.5160104859999137,False,4.658749412999896
[sac_kin_discrete2d_complex_wo_tanh_436reward - obs_act_y_equals_1.07_start_0.1_1.0_epsilon_0.01.vnnlib],False,3.388623927000026,False,4.351970450999943
[sac_kin_discrete2d_complex_wo_tanh_436reward - obs_act_y_equals_1.07_start_1.8_0.2_epsilon_0.01.vnnlib],False,3.634371219999821,False,4.3182801500001915
[sac_kin_discrete2d_complex_wo_tanh_436reward - obs_act_y_equals_1.08_start_1.8_1.0_epsilon_0.01.vnnlib],False,4.62531689299999,False,4.0472521450001295
[sac_kin_discrete2d_complex_wo_tanh_436reward - obs_act_y_equals_1.09_start_1.8_0.2_epsilon_0.01.vnnlib],False,4.718432062000147,False,4.738522609000029
[sac_kin_discrete2d_complex_wo_tanh_436reward - obs_act_y_equals_1.10_start_1.8_1.0_epsilon_0.01.vnnlib],False,4.450007292000009,False,4.799264078000078
[sac_kin_discrete2d_complex_wo_tanh_436reward - obs_act_y_equals_1.11_start_1.8_0.2_epsilon_0.01.vnnlib],False,3.8780103020001206,False,3.394091744999969
[sac_kin_discrete2d_complex_wo_tanh_436reward - obs_act_y_equals_1.13_start_1.8_0.2_epsilon_0.01.vnnlib],False,4.508618383999874,False,4.490702148000082
[sac_kin_discrete2d_complex_wo_tanh_436reward - obs_act_y_equals_1.13_start_1.8_1.0_epsilon_0.01.vnnlib],False,4.49365154100019,False,4.469884333999971
[sac_kin_discrete2d_complex_wo_tanh_436reward - obs_act_y_equals_1.15_start_1.8_0.2_epsilon_0.01.vnnlib],False,3.3933508000000074,False,3.8226368109999385
[sac_kin_discrete2d_complex_wo_tanh_436reward - obs_act_y_equals_1.15_start_1.8_1.0_epsilon_0.01.vnnlib],False,4.369349284000009,False,4.2889946020000025
[sac_kin_discrete2d_complex_wo_tanh_436reward - obs_act_y_equals_1.18_start_1.8_0.2_epsilon_0.01.vnnlib],False,4.336487371999965,False,38.72149386199999
[sac_kin_discrete2d_complex_wo_tanh_436reward - obs_act_y_equals_1.18_start_1.8_1.0_epsilon_0.01.vnnlib],False,3.275224590999869,False,4.632633625999915
[sac_kin_discrete2d_complex_wo_tanh_436reward - obs_act_y_equals_1.20_start_1.8_0.2_epsilon_0.01.vnnlib],False,3.5702573800001574,False,4.743258662000017
[sac_kin_discrete2d_complex_wo_tanh_436reward - obs_act_y_equals_1.21_start_1.8_1.0_epsilon_0.01.vnnlib],False,3.440353481000102,False,3.9155391199999485
[sac_kin_discrete2d_complex_wo_tanh_436reward - obs_act_y_equals_1.22_start_1.8_0.2_epsilon_0.01.vnnlib],False,4.632944855999995,False,4.886537082999894
[sac_kin_discrete2d_complex_wo_tanh_436reward - obs_act_y_equals_1.23_start_1.8_1.0_epsilon_0.01.vnnlib],False,4.464930884000296,False,4.264230215000225
[sac_kin_discrete2d_complex_wo_tanh_436reward - obs_act_y_equals_1.25_start_1.8_0.2_epsilon_0.01.vnnlib],False,4.214521735999824,False,3.972523495999667
[sac_kin_discrete2d_complex_wo_tanh_436reward - obs_act_y_equals_1.26_start_1.8_1.0_epsilon_0.01.vnnlib],False,3.83537206300025,False,4.56968038299965
[sac_kin_discrete2d_complex_wo_tanh_436reward - obs_act_y_equals_1.28_start_1.8_0.2_epsilon_0.01.vnnlib],False,3.4004296380003325,False,6.034288915999696
[sac_kin_discrete2d_complex_wo_tanh_436reward - obs_act_y_equals_1.30_start_1.8_0.2_epsilon_0.01.vnnlib],False,3.698465891000069,False,4.547997277000377
[sac_kin_discrete2d_complex_wo_tanh_436reward - obs_act_y_equals_1.30_start_1.8_1.0_epsilon_0.01.vnnlib],False,4.077400644000136,False,3.5372709529997337
[sac_kin_discrete2d_complex_wo_tanh_436reward - obs_act_y_equals_1.33_start_1.8_0.2_epsilon_0.01.vnnlib],False,4.236088948000088,False,4.315269156999875
[sac_kin_discrete2d_complex_wo_tanh_436reward - obs_act_y_equals_1.33_start_1.8_1.0_epsilon_0.01.vnnlib],False,3.403788804999749,False,3.8324766119999367
[sac_kin_discrete2d_complex_wo_tanh_436reward - obs_act_y_equals_1.36_start_1.8_0.2_epsilon_0.01.vnnlib],False,4.250533339999947,False,3.7818458570000075
[sac_kin_discrete2d_complex_wo_tanh_436reward - obs_act_y_equals_1.36_start_1.8_1.0_epsilon_0.01.vnnlib],False,3.5924065150002207,False,4.40561683299984
[sac_kin_discrete2d_complex_wo_tanh_436reward - obs_act_y_equals_1.39_start_1.8_0.2_epsilon_0.01.vnnlib],False,4.412137665000046,False,3.8923099520002324
[sac_kin_discrete2d_complex_wo_tanh_436reward - obs_act_y_equals_1.39_start_1.8_1.0_epsilon_0.01.vnnlib],False,4.639043483000023,False,4.173211750000064
[sac_kin_discrete2d_complex_wo_tanh_436reward - obs_act_y_equals_1.41_start_1.8_0.2_epsilon_0.01.vnnlib],False,4.002109624999775,False,3.964254670000173
[sac_kin_discrete2d_complex_wo_tanh_436reward - obs_act_y_equals_1.42_start_1.8_1.0_epsilon_0.01.vnnlib],False,3.7211231279998174,False,4.367749997999908
[sac_kin_discrete2d_complex_wo_tanh_436reward - obs_act_y_equals_1.44_start_1.8_0.2_epsilon_0.01.vnnlib],False,4.440445635999822,False,4.339454595999996
[sac_kin_discrete2d_complex_wo_tanh_436reward - obs_act_y_equals_1.45_start_1.8_1.0_epsilon_0.01.vnnlib],False,3.939413231999879,False,3.8959742530000767
[sac_kin_discrete2d_complex_wo_tanh_436reward - obs_act_y_equals_1.47_start_1.8_0.2_epsilon_0.01.vnnlib],False,4.492460570000276,False,4.539282448999984
[sac_kin_discrete2d_complex_wo_tanh_436reward - obs_act_y_equals_1.48_start_1.8_1.0_epsilon_0.01.vnnlib],False,3.8933078080003725,False,4.95793458199978
[sac_kin_discrete2d_complex_wo_tanh_436reward - obs_act_y_equals_1.49_start_1.8_0.2_epsilon_0.01.vnnlib],False,10.283644084000116,False,5.492549003000022
[sac_kin_discrete2d_complex_wo_tanh_436reward - obs_act_y_equals_1.51_start_1.8_1.0_epsilon_0.01.vnnlib],False,4.390018849000171,False,4.201080523000201
[sac_kin_discrete2d_complex_wo_tanh_436reward - obs_act_y_equals_1.52_start_1.8_0.2_epsilon_0.01.vnnlib],False,4.355751909999981,False,4.4294645810000475
[sac_kin_discrete2d_complex_wo_tanh_436reward - obs_act_y_equals_1.54_start_1.8_0.2_epsilon_0.01.vnnlib],False,4.122651412999858,False,6.129258929000116
[sac_kin_discrete2d_complex_wo_tanh_436reward - obs_act_y_equals_1.54_start_1.8_1.0_epsilon_0.01.vnnlib],False,3.984150295999825,False,4.586764253999718
[sac_kin_discrete2d_complex_wo_tanh_436reward - obs_act_y_equals_1.57_start_1.8_0.2_epsilon_0.01.vnnlib],False,4.55641444999992,False,5.727346125000167
[sac_kin_discrete2d_complex_wo_tanh_436reward - obs_act_y_equals_1.57_start_1.8_1.0_epsilon_0.01.vnnlib],False,3.6514294629996584,False,4.810774333000154
[sac_kin_discrete2d_complex_wo_tanh_436reward - obs_act_y_equals_1.59_start_1.8_0.2_epsilon_0.01.vnnlib],False,4.573102998000195,False,3.7109586749998016
[sac_kin_discrete2d_complex_wo_tanh_436reward - obs_act_y_equals_1.59_start_1.8_1.0_epsilon_0.01.vnnlib],False,4.356254803999946,False,4.0789457209998545
[sac_kin_discrete2d_complex_wo_tanh_436reward - obs_act_y_equals_1.61_start_1.8_0.2_epsilon_0.01.vnnlib],False,3.775968476000344,False,3.5561642580000807
[sac_kin_discrete2d_complex_wo_tanh_436reward - obs_act_y_equals_1.62_start_1.8_1.0_epsilon_0.01.vnnlib],False,3.9526090379999914,False,3.835906002000229
[sac_kin_discrete2d_complex_wo_tanh_436reward - obs_act_y_equals_1.63_start_1.8_0.2_epsilon_0.01.vnnlib],False,3.448820532999889,False,3.795110291000128
[sac_kin_discrete2d_complex_wo_tanh_436reward - obs_act_y_equals_1.64_start_1.8_1.0_epsilon_0.01.vnnlib],False,3.453133092000371,False,3.8280183629999556
[sac_kin_discrete2d_complex_wo_tanh_436reward - obs_act_y_equals_1.65_start_1.8_0.2_epsilon_0.01.vnnlib],False,3.7892267840002205,False,3.833187009000085
[sac_kin_discrete2d_complex_wo_tanh_436reward - obs_act_y_equals_1.66_start_1.8_1.0_epsilon_0.01.vnnlib],False,3.533363140000347,False,3.90788015499993
[sac_kin_discrete2d_complex_wo_tanh_436reward - obs_act_y_equals_1.68_start_1.8_0.2_epsilon_0.01.vnnlib],True,9.368315703000007,True,3.530157119999785
[sac_kin_discrete2d_complex_wo_tanh_436reward - obs_act_y_equals_1.69_start_1.8_0.2_epsilon_0.01.vnnlib],False,3.8066664530001617,False,4.068324639000366
[sac_kin_discrete2d_complex_wo_tanh_436reward - obs_act_y_equals_1.70_start_1.8_1.0_epsilon_0.01.vnnlib],False,3.2600158509999346,False,4.184415400000034
[sac_kin_discrete2d_complex_wo_tanh_436reward - obs_act_y_equals_1.71_start_1.8_1.0_epsilon_0.01.vnnlib],False,3.835155144000055,False,3.8159743750002235
[sac_kin_discrete2d_complex_wo_tanh_436reward - obs_act_y_equals_1.72_start_1.8_0.2_epsilon_0.01.vnnlib],False,3.346652522000113,False,3.687740458999997
[sac_kin_discrete2d_complex_wo_tanh_436reward - obs_act_y_equals_1.73_start_1.8_0.2_epsilon_0.01.vnnlib],False,3.731584774000112,False,6.992464397999811
[sac_kin_discrete2d_complex_wo_tanh_436reward - obs_act_y_equals_1.73_start_1.8_1.0_epsilon_0.01.vnnlib],False,2.9726576220000425,False,4.121775522000007
[sac_kin_discrete2d_complex_wo_tanh_436reward - obs_act_y_equals_1.75_start_1.8_0.2_epsilon_0.01.vnnlib],False,3.5967356420001124,False,4.03368437600011
[sac_kin_discrete2d_complex_wo_tanh_436reward - obs_act_y_equals_1.75_start_1.8_1.0_epsilon_0.01.vnnlib],False,3.95994884799984,False,5.957296152000254
[sac_kin_discrete2d_complex_wo_tanh_436reward - obs_act_y_equals_1.78_start_1.8_0.2_epsilon_0.01.vnnlib],False,3.289419167000233,False,3.942036838999684
[sac_kin_discrete2d_complex_wo_tanh_436reward - obs_act_y_equals_1.78_start_1.8_1.0_epsilon_0.01.vnnlib],False,3.3983880890000364,False,4.027676232999966
[sac_kin_discrete2d_complex_wo_tanh_436reward - obs_act_z_equals_0.22_start_1.0_0.2_epsilon_0.01.vnnlib],False,3.264089695000166,False,5.388921656000093
[sac_kin_discrete2d_complex_wo_tanh_436reward - obs_act_z_equals_0.25_start_1.0_0.2_epsilon_0.01.vnnlib],False,3.4232669799998803,False,5.3236336039999514
[sac_kin_discrete2d_complex_wo_tanh_436reward - obs_act_z_equals_0.27_start_1.0_0.2_epsilon_0.01.vnnlib],False,3.5312477130000843,False,3.187553207000292
[sac_kin_discrete2d_complex_wo_tanh_436reward - obs_act_z_equals_0.28_start_1.0_0.2_epsilon_0.01.vnnlib],False,3.6637190050000754,False,3.6625255220001236
[sac_kin_discrete2d_complex_wo_tanh_436reward - obs_act_z_equals_0.31_start_1.0_0.2_epsilon_0.01.vnnlib],False,3.7376666600002864,False,4.355862044999867
[sac_kin_discrete2d_complex_wo_tanh_436reward - obs_act_z_equals_0.32_start_1.0_0.2_epsilon_0.01.vnnlib],False,3.688101810000262,False,3.760843711999769
[sac_kin_discrete2d_complex_wo_tanh_436reward - obs_act_z_equals_0.35_start_1.0_0.2_epsilon_0.01.vnnlib],False,3.399281690999942,False,4.163677416000155
[sac_kin_discrete2d_complex_wo_tanh_436reward - obs_act_z_equals_0.37_start_1.0_0.2_epsilon_0.01.vnnlib],False,4.2572073359997376,False,4.682952020999892
[sac_kin_discrete2d_complex_wo_tanh_436reward - obs_act_z_equals_0.38_start_1.0_0.2_epsilon_0.01.vnnlib],False,3.895215186999849,False,4.902446822999991
[sac_kin_discrete2d_complex_wo_tanh_436reward - obs_act_z_equals_0.40_start_1.0_0.2_epsilon_0.01.vnnlib],False,3.351637715999914,False,3.8521981160001815
[sac_kin_discrete2d_complex_wo_tanh_436reward - obs_act_z_equals_0.42_start_1.0_0.2_epsilon_0.01.vnnlib],False,4.258031559000301,False,6.946297883999705
[sac_kin_discrete2d_complex_wo_tanh_436reward - obs_act_z_equals_0.46_start_1.0_0.2_epsilon_0.01.vnnlib],False,3.451759683000091,False,3.5336549749999904
[sac_kin_discrete2d_complex_wo_tanh_436reward - obs_act_z_equals_0.48_start_1.0_0.2_epsilon_0.01.vnnlib],False,3.5272439049999775,False,3.9170444900000803
[sac_kin_discrete2d_complex_wo_tanh_436reward - obs_act_z_equals_0.50_start_1.0_0.2_epsilon_0.01.vnnlib],False,3.245526742000038,False,3.855570944000192
[sac_kin_discrete2d_complex_wo_tanh_436reward - obs_act_z_equals_0.52_start_1.0_0.2_epsilon_0.01.vnnlib],False,3.028669296999851,False,3.831841385000189
[sac_kin_discrete2d_complex_wo_tanh_436reward - obs_act_z_equals_0.53_start_1.0_0.2_epsilon_0.01.vnnlib],False,3.7038532209999175,False,4.034400668999751
[sac_kin_discrete2d_complex_wo_tanh_436reward - obs_act_z_equals_0.55_start_1.0_0.2_epsilon_0.01.vnnlib],False,3.8955306240000027,False,35.2014889510001
[sac_kin_discrete2d_complex_wo_tanh_436reward - obs_act_z_equals_0.57_start_1.0_0.2_epsilon_0.01.vnnlib],False,2.9973420889996305,False,3.918866165000054
[sac_kin_discrete2d_complex_wo_tanh_436reward - obs_act_z_equals_0.58_start_1.0_0.2_epsilon_0.01.vnnlib],False,3.9828407300001345,False,3.883059267000135
[sac_kin_discrete2d_complex_wo_tanh_436reward - obs_act_z_equals_0.61_start_1.0_0.2_epsilon_0.01.vnnlib],False,3.7823055270000623,False,4.236179870999877
[sac_kin_discrete2d_complex_wo_tanh_436reward - obs_act_z_equals_0.63_start_1.0_0.2_epsilon_0.01.vnnlib],False,3.717740842999774,False,3.953871093000089
[sac_kin_discrete2d_complex_wo_tanh_436reward - obs_act_z_equals_0.64_start_1.0_0.2_epsilon_0.01.vnnlib],False,3.3586954200000037,False,3.8976705570003105
[sac_kin_discrete2d_complex_wo_tanh_436reward - obs_act_z_equals_0.67_start_1.0_0.2_epsilon_0.01.vnnlib],False,3.5151941009999064,False,28.89264156499985
[sac_kin_discrete2d_complex_wo_tanh_436reward - obs_act_z_equals_0.69_start_1.0_0.2_epsilon_0.01.vnnlib],False,3.104879856000025,False,4.006583298999885
[sac_kin_discrete2d_complex_wo_tanh_436reward - obs_act_z_equals_0.70_start_1.0_0.2_epsilon_0.01.vnnlib],False,3.611941196999851,False,4.4807092370001556
[sac_kin_discrete2d_complex_wo_tanh_436reward - obs_act_z_equals_0.73_start_1.0_0.2_epsilon_0.01.vnnlib],False,3.7643398410000373,False,3.6366641849999723
[sac_kin_discrete2d_complex_wo_tanh_436reward - obs_act_z_equals_0.75_start_1.0_0.2_epsilon_0.01.vnnlib],False,4.3351958949997424,False,3.6204131299996334
[sac_kin_discrete2d_complex_wo_tanh_436reward - obs_act_z_equals_0.77_start_1.0_0.2_epsilon_0.01.vnnlib],False,3.615372698000101,False,5.512343591999979
[sac_kin_discrete2d_complex_wo_tanh_436reward - obs_act_z_equals_0.79_start_1.0_0.2_epsilon_0.01.vnnlib],False,3.4205303009998715,False,3.7419039799997336
[sac_kin_discrete2d_complex_wo_tanh_436reward - obs_act_z_equals_0.81_start_1.0_0.2_epsilon_0.01.vnnlib],False,3.3541923810003027,False,3.446781570999974
[sac_kin_discrete2d_complex_wo_tanh_436reward - obs_act_z_equals_0.82_start_1.0_0.2_epsilon_0.01.vnnlib],False,3.7295081450001817,False,3.764086131000113
[sac_kin_discrete2d_complex_wo_tanh_436reward - obs_act_z_equals_0.84_start_1.0_0.2_epsilon_0.01.vnnlib],False,3.361731777999921,False,4.08857462099968
[sac_kin_discrete2d_complex_wo_tanh_436reward - obs_act_z_equals_0.86_start_1.0_0.2_epsilon_0.01.vnnlib],False,3.8966173579997303,False,3.6154749620000075
[sac_kin_discrete2d_complex_wo_tanh_436reward - obs_act_z_equals_0.88_start_1.0_0.2_epsilon_0.01.vnnlib],False,3.719006050000189,False,3.8280731669997294
[sac_kin_discrete2d_complex_wo_tanh_436reward - obs_act_z_equals_0.90_start_1.0_0.2_epsilon_0.01.vnnlib],False,3.887614233000022,False,4.1716448760003
[sac_kin_discrete2d_complex_wo_tanh_436reward - obs_act_z_equals_0.92_start_1.0_0.2_epsilon_0.01.vnnlib],False,3.272993157000201,False,4.610044743999879
[sac_kin_discrete2d_complex_wo_tanh_436reward - obs_act_z_equals_0.94_start_1.0_0.2_epsilon_0.01.vnnlib],False,4.283697380999911,False,3.3919329420000395
[sac_kin_discrete2d_complex_wo_tanh_436reward - obs_act_z_equals_0.96_start_1.0_0.2_epsilon_0.01.vnnlib],False,3.5502152510002816,False,3.9220504800000526
[sac_kin_discrete2d_complex_wo_tanh_436reward - obs_act_z_equals_0.98_start_1.0_0.2_epsilon_0.01.vnnlib],False,3.8268980070001817,False,3.968399212999884
[sac_kin_discrete2d_complex_wo_tanh_436reward - obs_act_z_equals_1.00_start_1.0_0.2_epsilon_0.01.vnnlib],False,3.7703948250000394,False,4.072731370999918
[sac_kin_discrete2d_complex_wo_tanh_436reward - obs_act_z_equals_1.02_start_1.0_1.8_epsilon_0.01.vnnlib],False,3.6529198210000686,False,4.531265469000118
[sac_kin_discrete2d_complex_wo_tanh_436reward - obs_act_z_equals_1.02_start_1.8_1.8_epsilon_0.01.vnnlib],False,3.9044644860000517,False,3.650479914999778
[sac_kin_discrete2d_complex_wo_tanh_436reward - obs_act_z_equals_1.04_start_1.0_1.8_epsilon_0.01.vnnlib],False,3.3888808060000883,False,3.5681680689999666
[sac_kin_discrete2d_complex_wo_tanh_436reward - obs_act_z_equals_1.04_start_1.8_1.8_epsilon_0.01.vnnlib],False,3.791157388999636,False,3.7101062310002817
[sac_kin_discrete2d_complex_wo_tanh_436reward - obs_act_z_equals_1.06_start_1.0_1.8_epsilon_0.01.vnnlib],False,9.769443896000212,False,3.6743906910000987
[sac_kin_discrete2d_complex_wo_tanh_436reward - obs_act_z_equals_1.06_start_1.8_1.8_epsilon_0.01.vnnlib],False,3.6894300320000184,False,3.702757281000231
[sac_kin_discrete2d_complex_wo_tanh_436reward - obs_act_z_equals_1.08_start_1.0_1.8_epsilon_0.01.vnnlib],False,4.232324768000126,False,3.9792885389997537
[sac_kin_discrete2d_complex_wo_tanh_436reward - obs_act_z_equals_1.08_start_1.8_1.8_epsilon_0.01.vnnlib],False,3.4793632659998366,False,4.149881661000109
[sac_kin_discrete2d_complex_wo_tanh_436reward - obs_act_z_equals_1.09_start_1.8_1.8_epsilon_0.01.vnnlib],False,4.598292619999938,False,3.5427126620002127
[sac_kin_discrete2d_complex_wo_tanh_436reward - obs_act_z_equals_1.10_start_1.0_1.8_epsilon_0.01.vnnlib],False,3.81748890200015,False,3.638041303999671
[sac_kin_discrete2d_complex_wo_tanh_436reward - obs_act_z_equals_1.12_start_1.0_1.8_epsilon_0.01.vnnlib],False,3.5917040010003802,False,3.7736397319999924
[sac_kin_discrete2d_complex_wo_tanh_436reward - obs_act_z_equals_1.12_start_1.8_1.8_epsilon_0.01.vnnlib],False,3.8685282010001174,False,3.990858481000032
[sac_kin_discrete2d_complex_wo_tanh_436reward - obs_act_z_equals_1.14_start_1.0_1.8_epsilon_0.01.vnnlib],False,3.8157508479998796,False,4.918175266999697
[sac_kin_discrete2d_complex_wo_tanh_436reward - obs_act_z_equals_1.14_start_1.8_1.8_epsilon_0.01.vnnlib],False,3.5178459899998415,False,3.8456436479996228
[sac_kin_discrete2d_complex_wo_tanh_436reward - obs_act_z_equals_1.15_start_1.8_1.8_epsilon_0.01.vnnlib],False,3.7995090229997004,False,4.533661047000351
[sac_kin_discrete2d_complex_wo_tanh_436reward - obs_act_z_equals_1.16_start_1.0_1.8_epsilon_0.01.vnnlib],False,3.397326213999804,False,3.7415532859999985
[sac_kin_discrete2d_complex_wo_tanh_436reward - obs_act_z_equals_1.17_start_1.8_1.8_epsilon_0.01.vnnlib],False,3.534394096000142,False,3.697238381999796
[sac_kin_discrete2d_complex_wo_tanh_436reward - obs_act_z_equals_1.18_start_1.0_1.8_epsilon_0.01.vnnlib],False,4.075862578999931,False,3.9735875910000686
[sac_kin_discrete2d_complex_wo_tanh_436reward - obs_act_z_equals_1.19_start_1.0_1.8_epsilon_0.01.vnnlib],False,3.906966736999948,False,4.349895558999833
[sac_kin_discrete2d_complex_wo_tanh_436reward - obs_act_z_equals_1.19_start_1.8_1.8_epsilon_0.01.vnnlib],False,3.7204462549998425,False,3.8584685769997122
[sac_kin_discrete2d_complex_wo_tanh_436reward - obs_act_z_equals_1.21_start_1.0_1.8_epsilon_0.01.vnnlib],False,3.782214510999893,False,4.021042156000021
[sac_kin_discrete2d_complex_wo_tanh_436reward - obs_act_z_equals_1.21_start_1.8_1.8_epsilon_0.01.vnnlib],False,3.3363995150002665,False,4.257559973999832
[sac_kin_discrete2d_complex_wo_tanh_436reward - obs_act_z_equals_1.24_start_1.0_1.8_epsilon_0.01.vnnlib],False,3.119244641000023,False,3.9165912990001743
[sac_kin_discrete2d_complex_wo_tanh_436reward - obs_act_z_equals_1.24_start_1.8_1.8_epsilon_0.01.vnnlib],False,3.6620170310002322,False,3.4656802530003006
[sac_kin_discrete2d_complex_wo_tanh_436reward - obs_act_z_equals_1.25_start_1.0_1.8_epsilon_0.01.vnnlib],False,3.9026187520003077,False,4.242599114000313
[sac_kin_discrete2d_complex_wo_tanh_436reward - obs_act_z_equals_1.26_start_1.8_1.8_epsilon_0.01.vnnlib],False,3.42621896799983,False,3.9954647469999145
[sac_kin_discrete2d_complex_wo_tanh_436reward - obs_act_z_equals_1.27_start_1.0_1.8_epsilon_0.01.vnnlib],False,3.529933214999801,False,6.168737548000081
[sac_kin_discrete2d_complex_wo_tanh_436reward - obs_act_z_equals_1.27_start_1.8_1.8_epsilon_0.01.vnnlib],False,3.393713653999839,False,4.409899785000107
[sac_kin_discrete2d_complex_wo_tanh_436reward - obs_act_z_equals_1.29_start_1.0_1.8_epsilon_0.01.vnnlib],False,5.589024380999945,False,4.291049110000131
[sac_kin_discrete2d_complex_wo_tanh_436reward - obs_act_z_equals_1.29_start_1.8_1.8_epsilon_0.01.vnnlib],False,3.8557371689998945,False,3.5322759730001962
[sac_kin_discrete2d_complex_wo_tanh_436reward - obs_act_z_equals_1.32_start_1.0_1.8_epsilon_0.01.vnnlib],False,3.635132929000065,False,3.991807721999976
[sac_kin_discrete2d_complex_wo_tanh_436reward - obs_act_z_equals_1.32_start_1.8_1.8_epsilon_0.01.vnnlib],False,4.274831023999923,False,3.8113187019998804
[sac_kin_discrete2d_complex_wo_tanh_436reward - obs_act_z_equals_1.33_start_1.0_1.8_epsilon_0.01.vnnlib],False,4.39496200900021,False,3.9064145900001677
[sac_kin_discrete2d_complex_wo_tanh_436reward - obs_act_z_equals_1.33_start_1.8_1.8_epsilon_0.01.vnnlib],False,4.168277808000312,False,3.7897830050001176
[sac_kin_discrete2d_complex_wo_tanh_436reward - obs_act_z_equals_1.35_start_1.0_1.8_epsilon_0.01.vnnlib],False,3.71587437900007,False,4.02144582100027
[sac_kin_discrete2d_complex_wo_tanh_436reward - obs_act_z_equals_1.35_start_1.8_1.8_epsilon_0.01.vnnlib],False,4.016072075000011,False,4.3678849540001465
[sac_kin_discrete2d_complex_wo_tanh_436reward - obs_act_z_equals_1.38_start_1.0_1.8_epsilon_0.01.vnnlib],False,3.61193306999985,False,4.045112565000181
[sac_kin_discrete2d_complex_wo_tanh_436reward - obs_act_z_equals_1.38_start_1.8_1.8_epsilon_0.01.vnnlib],False,4.217682621000222,False,4.837530986999809
[sac_kin_discrete2d_complex_wo_tanh_436reward - obs_act_z_equals_1.39_start_1.0_1.8_epsilon_0.01.vnnlib],False,4.2087205220000214,False,3.915737100000115
[sac_kin_discrete2d_complex_wo_tanh_436reward - obs_act_z_equals_1.39_start_1.8_1.8_epsilon_0.01.vnnlib],False,4.090113630999895,False,5.82524145699972
[sac_kin_discrete2d_complex_wo_tanh_436reward - obs_act_z_equals_1.41_start_1.0_1.8_epsilon_0.01.vnnlib],False,3.3340867099996103,False,3.6637969500002328
[sac_kin_discrete2d_complex_wo_tanh_436reward - obs_act_z_equals_1.42_start_1.8_1.8_epsilon_0.01.vnnlib],False,3.9901878870000473,False,3.95288187999995
[sac_kin_discrete2d_complex_wo_tanh_436reward - obs_act_z_equals_1.43_start_1.0_1.8_epsilon_0.01.vnnlib],False,4.248782353000024,False,4.192399335000118
[sac_kin_discrete2d_complex_wo_tanh_436reward - obs_act_z_equals_1.43_start_1.8_1.8_epsilon_0.01.vnnlib],False,3.9557833550002215,False,4.434660003000317
[sac_kin_discrete2d_complex_wo_tanh_436reward - obs_act_z_equals_1.46_start_1.0_1.8_epsilon_0.01.vnnlib],False,3.798001357999965,False,5.972238678999929
[sac_kin_discrete2d_complex_wo_tanh_436reward - obs_act_z_equals_1.46_start_1.8_1.8_epsilon_0.01.vnnlib],False,3.0382683399998314,False,5.29079105000028
[sac_kin_discrete2d_complex_wo_tanh_436reward - obs_act_z_equals_1.47_start_1.8_1.8_epsilon_0.01.vnnlib],False,3.4232506640000793,False,4.656358327999897
[sac_kin_discrete2d_complex_wo_tanh_436reward - obs_act_z_equals_1.48_start_1.0_1.8_epsilon_0.01.vnnlib],False,3.3641850980002346,False,6.016929113999595
[sac_kin_discrete2d_complex_wo_tanh_436reward - obs_act_z_equals_1.50_start_1.0_1.8_epsilon_0.01.vnnlib],False,3.162736739000138,False,4.384167558000172
[sac_kin_discrete2d_complex_wo_tanh_436reward - obs_act_z_equals_1.50_start_1.8_1.8_epsilon_0.01.vnnlib],False,3.375434898000094,False,4.066730421000102
[sac_kin_discrete2d_complex_wo_tanh_436reward - obs_act_z_equals_1.51_start_1.0_1.8_epsilon_0.01.vnnlib],False,3.4078101459999743,False,3.479878920000374
[sac_kin_discrete2d_complex_wo_tanh_436reward - obs_act_z_equals_1.51_start_1.8_1.8_epsilon_0.01.vnnlib],False,3.9998675609999736,False,4.417769834999945
[sac_kin_discrete2d_complex_wo_tanh_436reward - obs_act_z_equals_1.53_start_1.0_1.8_epsilon_0.01.vnnlib],False,4.17285713199999,False,3.924290757000108
[sac_kin_discrete2d_complex_wo_tanh_436reward - obs_act_z_equals_1.54_start_1.8_1.8_epsilon_0.01.vnnlib],False,3.793239248000191,False,4.3036591940003746
[sac_kin_discrete2d_complex_wo_tanh_436reward - obs_act_z_equals_1.55_start_1.0_1.8_epsilon_0.01.vnnlib],False,3.654883638999763,False,3.754375161000098
[sac_kin_discrete2d_complex_wo_tanh_436reward - obs_act_z_equals_1.55_start_1.8_1.8_epsilon_0.01.vnnlib],False,3.370939441000246,False,3.9340059219998693
[sac_kin_discrete2d_complex_wo_tanh_436reward - obs_act_z_equals_1.58_start_1.0_1.8_epsilon_0.01.vnnlib],False,3.446317128999908,False,3.9366573829997833
[sac_kin_discrete2d_complex_wo_tanh_436reward - obs_act_z_equals_1.58_start_1.8_1.8_epsilon_0.01.vnnlib],False,3.953689110999676,False,3.7699720159998833
[sac_kin_discrete2d_complex_wo_tanh_436reward - obs_act_z_equals_1.59_start_1.0_1.8_epsilon_0.01.vnnlib],False,4.137126377000186,False,3.9347873240003537
[sac_kin_discrete2d_complex_wo_tanh_436reward - obs_act_z_equals_1.59_start_1.8_1.8_epsilon_0.01.vnnlib],False,3.462404675000016,False,4.079017013999874
[sac_kin_discrete2d_complex_wo_tanh_436reward - obs_act_z_equals_1.61_start_1.0_1.8_epsilon_0.01.vnnlib],False,3.7835678900000858,False,3.8399665530000675
[sac_kin_discrete2d_complex_wo_tanh_436reward - obs_act_z_equals_1.62_start_1.8_1.8_epsilon_0.01.vnnlib],False,3.572735750999982,False,3.9246177300001364
[sac_kin_discrete2d_complex_wo_tanh_436reward - obs_act_z_equals_1.63_start_1.8_1.8_epsilon_0.01.vnnlib],False,3.885698477999995,False,3.9025758249999853
[sac_kin_discrete2d_complex_wo_tanh_436reward - obs_act_z_equals_1.64_start_1.0_1.8_epsilon_0.01.vnnlib],False,3.584602684999936,False,4.224847899999986
[sac_kin_discrete2d_complex_wo_tanh_436reward - obs_act_z_equals_1.65_start_1.0_1.8_epsilon_0.01.vnnlib],False,3.5223733160000847,False,5.811154311999871
[sac_kin_discrete2d_complex_wo_tanh_436reward - obs_act_z_equals_1.66_start_1.8_1.8_epsilon_0.01.vnnlib],False,3.179167876000065,False,4.503201178999916
[sac_kin_discrete2d_complex_wo_tanh_436reward - obs_act_z_equals_1.67_start_1.0_1.8_epsilon_0.01.vnnlib],False,3.4721041770003467,False,3.8774265930001093
[sac_kin_discrete2d_complex_wo_tanh_436reward - obs_act_z_equals_1.67_start_1.8_1.8_epsilon_0.01.vnnlib],False,3.716717833000075,False,3.866287062000083
[sac_kin_discrete2d_complex_wo_tanh_436reward - obs_act_z_equals_1.69_start_1.8_1.8_epsilon_0.01.vnnlib],False,4.656188206000024,False,3.5873223639996468
[sac_kin_discrete2d_complex_wo_tanh_436reward - obs_act_z_equals_1.70_start_1.0_1.8_epsilon_0.01.vnnlib],False,3.5892375090002133,False,3.941820498999732
[sac_kin_discrete2d_complex_wo_tanh_436reward - obs_act_z_equals_1.71_start_1.0_1.8_epsilon_0.01.vnnlib],False,4.201550562000193,False,3.8457549979998475
[sac_kin_discrete2d_complex_wo_tanh_436reward - obs_act_z_equals_1.71_start_1.8_1.8_epsilon_0.01.vnnlib],False,3.7297084050001104,False,4.003601175999847
[sac_kin_discrete2d_complex_wo_tanh_436reward - obs_act_z_equals_1.74_start_1.0_1.8_epsilon_0.01.vnnlib],False,8.981859382000039,False,4.6009724800001095
[sac_kin_discrete2d_complex_wo_tanh_436reward - obs_act_z_equals_1.74_start_1.8_1.8_epsilon_0.01.vnnlib],False,4.71941600900027,False,4.511011507000148
[sac_kin_discrete2d_complex_wo_tanh_436reward - obs_act_z_equals_1.75_start_1.8_1.8_epsilon_0.01.vnnlib],False,4.359257466000145,False,4.637161408000338
[sac_kin_discrete2d_complex_wo_tanh_436reward - obs_act_z_equals_1.76_start_1.0_1.8_epsilon_0.01.vnnlib],False,4.356610955000178,False,4.0959533099999135
[sac_kin_discrete2d_complex_wo_tanh_436reward - obs_act_z_equals_1.77_start_1.0_1.8_epsilon_0.01.vnnlib],False,4.388458041999911,False,3.8630901310002628
[sac_kin_discrete2d_complex_wo_tanh_436reward - obs_act_z_equals_1.78_start_1.8_1.8_epsilon_0.01.vnnlib],False,3.6165509930001463,False,4.224696065999979
